"(0.0, 3973.49)","(48.000740051, 7.7876725197)"
"(26.01, 3958.65)","(48.000606536999996, 7.7880210876)"
"(46.94, 3946.35)","(48.000495911, 7.788301467899999)"
"(113.76, 3907.33)","(48.000144958, 7.7891969681)"
"(209.95, 3848.79)","(47.99961853, 7.7904858588999994)"
"(212.94, 3847.52)","(47.999607086000005, 7.790525913200001)"
"(234.82, 3832.67)","(47.999473572, 7.7908191681)"
"(253.36, 3820.37)","(47.999362946000005, 7.7910676003)"
"(277.49, 3804.68)","(47.999221802, 7.7913908958)"
"(332.01, 3769.05)","(47.998901366999995, 7.7921214104)"
"(535.0, 3620.17)","(47.997562408, 7.794841289500001)"
"(549.8, 3609.57)","(47.99746704100001, 7.7950396538)"
"(657.96, 2600.07)","(47.988388062, 7.7964873314)"
"(669.87, 2664.97)","(47.98897171, 7.7966470718)"
"(672.29, 2672.61)","(47.989040375, 7.7966794967999995)"
"(685.15, 3513.71)","(47.996604919, 7.7968530655)"
"(692.1, 2765.92)","(47.989879608, 7.7969450951)"
"(723.3, 3485.71)","(47.996353148999994, 7.7973642349)"
"(735.19, 3475.96)","(47.996265411, 7.7975234985)"
"(744.19, 3467.48)","(47.996189117, 7.797644138300001)"
"(751.58, 3024.66)","(47.992206573000004, 7.7977423668)"
"(753.0, 3030.59)","(47.992259978999996, 7.7977614402999995)"
"(756.31, 3040.35)","(47.992347717, 7.7978057861000005)"
"(758.16, 3044.17)","(47.99238205, 7.7978305816999995)"
"(763.75, 3052.23)","(47.99245452899999, 7.7979054451)"
"(768.94, 3057.32)","(47.992500305, 7.7979750633)"
"(770.49, 3437.78)","(47.995922089, 7.797996521)"
"(782.25, 3067.5)","(47.992591858000004, 7.7981534003999995)"
"(796.44, 3411.91)","(47.995689391999996, 7.7983441353)"
"(798.41, 3080.22)","(47.992706299, 7.7983698845000005)"
"(805.27, 3086.58)","(47.99276351899999, 7.7984619141)"
"(811.79, 3095.91)","(47.992847443, 7.7985491753)"
"(811.96, 3400.03)","(47.995582581, 7.7985520363)"
"(825.48, 3143.42)","(47.993274688999996, 7.7987327576)"
"(830.04, 3390.28)","(47.995494843, 7.7987942696)"
"(837.69, 3386.46)","(47.99546051, 7.7988967896000005)"
"(846.79, 3222.31)","(47.993984221999995, 7.799018383)"
"(858.42, 3248.19)","(47.994216918999996, 7.7991743088)"
"(862.6, 3377.98)","(47.995384216000005, 7.799230575599999)"
"(881.37, 3279.57)","(47.994499207, 7.7994818687)"
"(890.52, 3289.33)","(47.994586945, 7.7996044159)"
"(902.4, 3300.36)","(47.994686127, 7.799763679500001)"
"(910.97, 3371.62)","(47.995326996, 7.7998785973)"
"(922.79, 3314.35)","(47.994812012, 7.8000369072)"
"(934.45, 3364.83)","(47.995265961, 7.8001933098)"
"(946.95, 3327.5)","(47.994930267, 7.800360679600001)"
"(958.84, 3331.74)","(47.994968414, 7.8005199432)"
"(968.44, 3334.71)","(47.994995116999995, 7.800648689299999)"
"(975.63, 3335.99)","(47.995006561000004, 7.8007450104)"
"(982.89, 3336.41)","(47.995010376, 7.8008422852)"
"(986.13, 3346.17)","(47.995098113999994, 7.8008856773)"
"(991.68, 3335.99)","(47.995006561000004, 7.8009600639)"
"(1006.59, 3334.71)","(47.994995116999995, 7.8011598587)"
"(1016.24, 3333.02)","(47.994979858, 7.801289081599999)"
"(1016.74, 3336.83)","(47.995014191, 7.8012957573)"
"(1031.9, 3330.9)","(47.994960785, 7.8014988899)"
"(1050.97, 3324.96)","(47.994907379, 7.8017544746)"
"(1057.74, 3318.17)","(47.994846343999995, 7.8018450737)"
"(1079.55, 3312.66)","(47.994796753, 7.8021373749)"
"(1088.27, 3307.99)","(47.994754791000005, 7.8022542)"
"(1129.56, 3294.42)","(47.994632721, 7.8028073311)"
"(1171.27, 3280.42)","(47.994506836000006, 7.8033661842)"
"(1181.48, 3277.03)","(47.994476318000004, 7.8035030364999995)"
"(1191.34, 3275.76)","(47.994464873999995, 7.803635120399999)"
"(1197.21, 3276.18)","(47.994468688999994, 7.8037137985000005)"
"(1202.84, 3277.45)","(47.994480133, 7.8037891388)"
"(1208.32, 3279.57)","(47.994499207, 7.8038625717)"
"(1217.6, 3285.51)","(47.994552612, 7.8039870262)"
"(1222.02, 3261.76)","(47.994338989, 7.804046154)"
"(1222.87, 3291.03)","(47.994602203, 7.804057598099999)"
"(1236.61, 3254.12)","(47.994270325, 7.8042416573)"
"(1253.81, 3246.07)","(47.994197845, 7.804471969600001)"
"(1270.21, 3237.16)","(47.994117736999996, 7.8046917915)"
"(1290.11, 3398.34)","(47.995567322, 7.8049588202999995)"
"(1293.28, 3223.58)","(47.993995667, 7.8050007820000005)"
"(1335.57, 3466.63)","(47.996181488000005, 7.8055682182)"
"(1353.82, 3196.86)","(47.993755341, 7.805811882)"
"(1369.05, 3514.98)","(47.996616364, 7.806016922)"
"(1392.76, 3182.02)","(47.993621826, 7.806333541900001)"
"(1398.75, 3552.73)","(47.996955872, 7.806415081)"
"(1436.25, 3595.99)","(47.997344971000004, 7.8069176674000005)"
"(1456.35, 3619.75)","(47.997558594, 7.807187080399999)"
"(1459.6, 3161.23)","(47.993434906000005, 7.8072290421)"
"(1474.07, 3642.65)","(47.997764587, 7.8074245453)"
"(1479.64, 5370.25)","(48.013301848999994, 7.8075051308)"
"(1480.67, 5360.92)","(48.013217926, 7.807518958999999)"
"(1480.73, 5383.82)","(48.01342392, 7.8075199127)"
"(1482.91, 5352.43)","(48.013141632, 7.8075489998)"
"(1484.25, 5394.42)","(48.013519287, 7.807567119600001)"
"(1489.6, 5339.71)","(48.013027191000006, 7.8076386452)"
"(1491.47, 5409.69)","(48.013656616000006, 7.8076639175)"
"(1494.73, 5332.07)","(48.012958526999995, 7.8077073097000005)"
"(1504.52, 3680.83)","(47.99810791, 7.807832717899999)"
"(1506.01, 5319.77)","(48.0128479, 7.8078584671)"
"(1506.44, 5440.66)","(48.01393508899999, 7.807864666)"
"(1516.72, 5459.74)","(48.01410675, 7.808002471900001)"
"(1519.25, 3695.67)","(47.998241425, 7.8080301285000004)"
"(1525.51, 5300.68)","(48.012676238999994, 7.8081197739)"
"(1525.71, 5474.17)","(48.01423645, 7.8081231117)"
"(1529.46, 3145.12)","(47.993289948000005, 7.8081650734000005)"
"(1537.96, 3710.94)","(47.998378753999994, 7.8082809448)"
"(1556.79, 5271.84)","(48.01241684, 7.8085389137)"
"(1569.94, 3732.15)","(47.998569489, 7.8087096214)"
"(1570.59, 5553.91)","(48.014953613, 7.8087248802)"
"(1588.23, 3746.15)","(47.99869537399999, 7.8089547157000005)"
"(1594.73, 5598.87)","(48.01535797100001, 7.8090486526)"
"(1596.62, 3130.27)","(47.993156433, 7.8090648651)"
"(1598.88, 7057.55)","(48.028476715, 7.8091096877999995)"
"(1617.45, 7024.89)","(48.028182983, 7.809358596799999)"
"(1619.57, 3780.5)","(47.999004363999994, 7.8093748092999995)"
"(1623.55, 5208.22)","(48.011844635, 7.8094334602)"
"(1627.13, 7009.2)","(48.02804184, 7.8094882965)"
"(1628.26, 5661.22)","(48.015918731999996, 7.8094983100999995)"
"(1635.79, 3796.62)","(47.999149323000005, 7.809592247)"
"(1639.19, 3117.55)","(47.993041991999995, 7.8096351624)"
"(1655.47, 5174.71)","(48.011543274, 7.809861183200001)"
"(1656.09, 6959.99)","(48.027599335, 7.809876442)"
"(1659.95, 3816.13)","(47.99932479899999, 7.8099160194)"
"(1667.24, 3822.07)","(47.999378203999996, 7.8100137711)"
"(1672.98, 5749.02)","(48.016708374, 7.8100981712)"
"(1681.2, 5150.11)","(48.011322021000005, 7.8102059364)"
"(1683.18, 3833.52)","(47.999481201, 7.8102273941)"
"(1684.04, 5767.68)","(48.016876221000004, 7.8102464676)"
"(1690.41, 3102.28)","(47.992904663000004, 7.810321331)"
"(1695.1, 5785.5)","(48.017036438000005, 7.8103947639)"
"(1698.6, 5135.26)","(48.011188507, 7.8104391098)"
"(1703.06, 6870.5)","(48.026794433999996, 7.810505867000001)"
"(1718.05, 3857.28)","(47.999694823999995, 7.8106946945)"
"(1718.63, 5120.42)","(48.011054993, 7.8107075691)"
"(1728.06, 3090.4)","(47.992797851999995, 7.8108258247)"
"(1734.16, 3867.46)","(47.999786377, 7.810910701799999)"
"(1748.43, 3877.64)","(47.99987793, 7.8111019135)"
"(1748.59, 5098.79)","(48.010860443, 7.811109066)"
"(1759.23, 6718.22)","(48.025424957, 7.811258316)"
"(1760.56, 3886.97)","(47.999961853, 7.8112645149)"
"(1769.89, 3073.43)","(47.992645264, 7.811386108400001)"
"(1770.59, 6690.23)","(48.025173187, 7.8114104271)"
"(1771.91, 3897.15)","(48.000053406000006, 7.811416626000001)"
"(1781.52, 3907.33)","(48.000144958, 7.811545372)"
"(1783.67, 5916.99)","(48.018218993999994, 7.811582565299999)"
"(1787.67, 5069.94)","(48.010601044, 7.8116326332)"
"(1793.89, 3925.56)","(48.00030899, 7.8117113113)"
"(1798.28, 5936.5)","(48.01839447, 7.811778545399999)"
"(1802.96, 3937.02)","(48.000411987, 7.8118329048)"
"(1813.84, 6562.13)","(48.024021149, 7.8119897842)"
"(1813.92, 3948.05)","(48.000511169, 7.811979770700001)"
"(1822.03, 6535.84)","(48.023784637, 7.8120994567999995)"
"(1825.38, 6524.38)","(48.023681641, 7.812144279500001)"
"(1826.09, 3957.8)","(48.000598907, 7.812142849)"
"(1835.22, 5985.7)","(48.018836975, 7.8122739791999996)"
"(1839.37, 5030.92)","(48.010250092, 7.8123254776)"
"(1840.12, 6484.09)","(48.023319244, 7.8123416901)"
"(1843.52, 3968.4)","(48.000694275, 7.8123764992)"
"(1851.84, 3972.22)","(48.000728607, 7.8124880790999995)"
"(1858.09, 6431.92)","(48.022850037, 7.8125824928)"
"(1867.11, 3978.16)","(48.000782013, 7.8126926422)"
"(1883.93, 4994.44)","(48.009922028000005, 7.8129224777)"
"(1888.56, 6054.84)","(48.019458771000004, 7.8129892349)"
"(1888.84, 3024.66)","(47.992206573000004, 7.8129796982)"
"(1898.5, 6333.09)","(48.021961212, 7.813123703)"
"(1900.18, 6071.81)","(48.019611358999995, 7.8131451607)"
"(1910.92, 6089.2)","(48.019767761000004, 7.8132891655)"
"(1919.74, 6109.13)","(48.019947052, 7.8134074211)"
"(1926.2, 6128.22)","(48.020118713, 7.8134942055)"
"(1929.22, 6255.89)","(48.021266937, 7.8135352135)"
"(1929.79, 6144.76)","(48.020267487, 7.813542366)"
"(1931.92, 6166.82)","(48.020465851000004, 7.8135709763)"
"(1932.21, 6240.2)","(48.021125793, 7.8135752678)"
"(1933.65, 6207.54)","(48.020832062, 7.8135943413)"
"(1933.78, 6222.81)","(48.020969391, 7.813596248600001)"
"(1939.09, 4943.54)","(48.009464263999995, 7.813661575299999)"
"(2024.74, 2964.42)","(47.991664886, 7.8148002625)"
"(2031.52, 4021.85)","(48.001174927, 7.8148961067)"
"(2041.9, 2958.49)","(47.99161148100001, 7.815030097999999)"
"(2050.77, 4837.08)","(48.008506775, 7.8151578903)"
"(2075.11, 2948.31)","(47.991519928, 7.815474987000001)"
"(2082.94, 2944.07)","(47.991481781000005, 7.8155798912)"
"(2094.37, 2933.89)","(47.991390228, 7.815732955900001)"
"(2102.17, 2927.1)","(47.991329193, 7.815837383300001)"
"(2108.29, 2922.43)","(47.991287231, 7.815919399299999)"
"(2115.62, 2917.77)","(47.99124527, 7.8160176277)"
"(2124.19, 4770.49)","(48.007907867, 7.8161416053999995)"
"(2125.34, 2913.53)","(47.991207123, 7.8161478043)"
"(2134.52, 2910.56)","(47.99118042, 7.8162708282)"
"(2185.76, 4060.87)","(48.001525879, 7.8169631958000005)"
"(2194.05, 4711.95)","(48.007381439, 7.8170776367)"
"(2215.22, 2884.26)","(47.990943908999995, 7.8173518181)"
"(2234.27, 1285.61)","(47.976566315, 7.817598819700001)"
"(2254.35, 1277.98)","(47.97649765, 7.8178677559)"
"(2266.48, 4665.3)","(48.006961823000005, 7.8180480003)"
"(2268.43, 2869.84)","(47.99081420899999, 7.818064689600001)"
"(2276.32, 1269.92)","(47.976425171, 7.818161964400001)"
"(2291.42, 4650.03)","(48.006824493, 7.8183822632)"
"(2292.71, 4088.87)","(48.001777649, 7.818396568300001)"
"(2304.95, 1259.74)","(47.976333618000005, 7.8185453415)"
"(2312.63, 4637.3)","(48.006710051999995, 7.818666458099999)"
"(2331.14, 4102.01)","(48.001895905, 7.8189115524)"
"(2351.92, 4110.5)","(48.001972198000004, 7.819190025299999)"
"(2363.17, 4609.73)","(48.006462096999996, 7.819343566900001)"
"(2364.28, 2844.39)","(47.990585327, 7.8193488121)"
"(2380.08, 1230.9)","(47.976074219, 7.819551467899999)"
"(2385.71, 4123.22)","(48.002086639, 7.819643020599999)"
"(2396.88, 4128.74)","(48.00213623, 7.8197927475)"
"(2396.98, 4589.8)","(48.006282806, 7.8197965622000005)"
"(2397.35, 2835.91)","(47.990509033, 7.8197917938)"
"(2416.7, 4138.07)","(48.00222015399999, 7.820058345800001)"
"(2420.03, 2830.39)","(47.990459441999995, 7.8200955390999995)"
"(2425.06, 4141.89)","(48.002254486000005, 7.8201704025)"
"(2425.38, 4570.71)","(48.006111145, 7.8201770782)"
"(2449.78, 4155.88)","(48.002380371, 7.820501804400001)"
"(2450.47, 4552.05)","(48.005943298000005, 7.8205132484)"
"(2458.04, 2821.91)","(47.990383148, 7.8206048012)"
"(2468.61, 2818.52)","(47.990352631, 7.820746421799999)"
"(2483.09, 1193.15)","(47.975734711, 7.8209309578)"
"(2486.84, 2811.73)","(47.990291595, 7.8209905624000005)"
"(2489.66, 4182.6)","(48.002620697, 7.8210363388)"
"(2492.97, 4517.69)","(48.005634308000005, 7.821082592000001)"
"(2518.56, 4494.78)","(48.005428314, 7.8214254378999994)"
"(2525.3, 4209.33)","(48.002861023, 7.821514129600001)"
"(2539.06, 1173.64)","(47.975559235, 7.8216805458000005)"
"(2541.73, 4470.61)","(48.00521087600001, 7.8217358588999994)"
"(2563.61, 4242.41)","(48.00315856899999, 7.822027683300001)"
"(2566.08, 4443.46)","(48.00496673600001, 7.822062015499999)"
"(2586.74, 1155.4)","(47.975395203000005, 7.8223190308)"
"(2597.47, 4273.8)","(48.003440857, 7.822481632200001)"
"(2605.15, 4278.46)","(48.003482819, 7.8225846291)"
"(2605.78, 4394.68)","(48.004528046000004, 7.822593689)"
"(2613.53, 2756.16)","(47.98979187, 7.8226876259)"
"(2614.4, 4281.01)","(48.003505706999995, 7.8227086067)"
"(2622.48, 4282.28)","(48.003517151000004, 7.8228168488)"
"(2627.89, 4365.42)","(48.004264832, 7.8228898048)"
"(2631.73, 4281.86)","(48.003513336000005, 7.8229408264)"
"(2634.55, 4353.12)","(48.004154205, 7.822978973400001)"
"(2635.27, 1136.31)","(47.975223541000005, 7.8229689598)"
"(2641.55, 4279.74)","(48.003494263, 7.8230724335)"
"(2643.06, 4334.03)","(48.003982543999996, 7.8230929375)"
"(2650.56, 4275.5)","(48.003456116, 7.823193073300001)"
"(2657.17, 4297.13)","(48.003650665, 7.823281765)"
"(2659.24, 4269.56)","(48.00340271, 7.823309421499999)"
"(2662.05, 2729.44)","(47.989551543999994, 7.8233375549)"
"(2664.25, 4280.58)","(48.003501891999996, 7.8233766556)"
"(2669.74, 1121.04)","(47.975086212, 7.8234305382)"
"(2671.55, 4265.74)","(48.003368378000005, 7.8234744072)"
"(2673.94, 4253.44)","(48.00325775100001, 7.823506355299999)"
"(2679.67, 4253.86)","(48.003261566000006, 7.8235831261)"
"(2682.42, 2717.99)","(47.989448546999995, 7.823610305800001)"
"(2693.06, 4228.84)","(48.003036499, 7.823762416799999)"
"(2693.59, 4234.78)","(48.003089905, 7.8237695694000005)"
"(2711.08, 4208.9)","(48.002857208, 7.8240036964)"
"(2715.14, 1102.38)","(47.974918365, 7.824038505599999)"
"(2719.12, 4207.21)","(48.00284194899999, 7.824111461599999)"
"(2724.43, 4196.6)","(48.002746582, 7.8241825104)"
"(2765.82, 4164.79)","(48.00246048, 7.8247370720000005)"
"(2791.92, 4143.16)","(48.00226593, 7.8250865936)"
"(2812.77, 4128.31)","(48.002132416, 7.8253660202)"
"(2817.41, 1063.78)","(47.974571228, 7.825407981900001)"
"(2845.73, 4107.53)","(48.001945496000005, 7.8258075713999995)"
"(2866.88, 4095.23)","(48.001834869, 7.8260908126999995)"
"(2872.5, 4091.83)","(48.001804352, 7.826166153)"
"(2916.07, 4070.63)","(48.001613617, 7.826749801599999)"
"(2927.33, 1022.64)","(47.974201201999996, 7.826879978200001)"
"(2936.59, 1019.67)","(47.9741745, 7.8270039558)"
"(2949.08, 1016.7)","(47.974147797, 7.8271713257)"
"(2961.23, 1015.0)","(47.974132538, 7.827333927200001)"
"(2977.85, 1013.31)","(47.974117279, 7.8275566101)"
"(2980.41, 2547.05)","(47.987911223999994, 7.8276014328)"
"(3008.61, 1011.19)","(47.974098206, 7.8279685974)"
"(3009.74, 2528.39)","(47.987743378000005, 7.8279943466)"
"(3019.54, 2520.33)","(47.987670898000005, 7.8281254767999995)"
"(3027.02, 1010.34)","(47.974090576, 7.8282151222000005)"
"(3028.65, 2512.27)","(47.987598418999994, 7.8282475471)"
"(3032.93, 1012.03)","(47.974105835, 7.8282942772)"
"(3038.41, 1015.0)","(47.974132538, 7.8283677101)"
"(3043.11, 1018.82)","(47.97416687, 7.8284306526)"
"(3043.93, 2495.73)","(47.987449646, 7.8284521103)"
"(3046.1, 1022.21)","(47.974197388, 7.8284707069)"
"(3049.62, 1028.58)","(47.974254608, 7.8285179138)"
"(3052.46, 1035.36)","(47.974315643000004, 7.8285560608)"
"(3053.83, 2481.73)","(47.987323761000006, 7.828584671000001)"
"(3054.38, 1049.36)","(47.974441528, 7.82858181)"
"(3061.1, 2472.4)","(47.987239838, 7.8286819458000005)"
"(3061.48, 1146.92)","(47.975318908999995, 7.8286776543)"
"(3062.02, 4012.94)","(48.001094818, 7.8287053108)"
"(3063.09, 1260.17)","(47.976337433000005, 7.8287000656)"
"(3064.76, 4759.04)","(48.007804871000005, 7.8287472725)"
"(3065.15, 1283.92)","(47.976551056000005, 7.8287277222)"
"(3065.54, 4751.82)","(48.007740021000004, 7.8287577629)"
"(3066.1, 4767.52)","(48.007881165, 7.8287653923)"
"(3067.31, 4770.49)","(48.007907867, 7.8287816048000005)"
"(3068.43, 4744.61)","(48.007675171, 7.8287963867)"
"(3070.0, 2459.68)","(47.987125397, 7.8288011551)"
"(3072.0, 4778.12)","(48.007976532, 7.8288445473)"
"(3074.12, 4736.98)","(48.007606506, 7.828872680700001)"
"(3074.95, 1321.24)","(47.976886748999995, 7.828859329199999)"
"(3077.15, 4734.43)","(48.007583618000005, 7.8289132118)"
"(3083.91, 4730.19)","(48.00754547100001, 7.829003810900001)"
"(3084.82, 2430.41)","(47.986862183, 7.828999519299999)"
"(3088.53, 1353.9)","(47.977180481000005, 7.829041481)"
"(3092.7, 4726.37)","(48.007511138999995, 7.829121589700001)"
"(3097.5, 1371.29)","(47.977336883999996, 7.829161644)"
"(3101.0, 2395.21)","(47.986545563, 7.8292160034)"
"(3112.01, 1393.35)","(47.977535248, 7.829356193500001)"
"(3117.32, 2360.43)","(47.986232758, 7.8294343948)"
"(3121.21, 4714.92)","(48.007408141999996, 7.8295035362)"
"(3122.04, 1405.65)","(47.977645874, 7.8294906615999995)"
"(3128.54, 3984.1)","(48.000835419, 7.829596519500001)"
"(3132.85, 4837.08)","(48.008506775, 7.829660415599999)"
"(3138.42, 2316.31)","(47.985836029, 7.8297166824)"
"(3147.43, 2300.2)","(47.985691071000005, 7.8298373222)"
"(3149.68, 4702.2)","(48.007293701, 7.8298850060000005)"
"(3153.95, 2293.41)","(47.985630035, 7.8299245834)"
"(3163.99, 2286.62)","(47.985569, 7.8300590515)"
"(3171.57, 3962.89)","(48.000644683999994, 7.8301730156)"
"(3174.28, 2281.96)","(47.985527039, 7.8301968575)"
"(3205.23, 1486.66)","(47.978374481, 7.8306055069000005)"
"(3224.77, 4924.03)","(48.009288788, 7.8308930397)"
"(3225.29, 3932.35)","(48.000370026000006, 7.8308925629)"
"(3227.96, 1514.66)","(47.978626251, 7.8309102058)"
"(3238.1, 1528.66)","(47.978752136000004, 7.8310461044)"
"(3241.17, 4665.72)","(48.006965637, 7.8311109543)"
"(3244.4, 4943.12)","(48.009460448999995, 7.8311562538)"
"(3250.05, 1546.47)","(47.978912353999995, 7.8312063217)"
"(3257.15, 4658.09)","(48.006896973, 7.8313250542)"
"(3263.48, 3909.87)","(48.000167847, 7.8314042091)"
"(3263.96, 1568.53)","(47.979110718, 7.831392765)"
"(3268.58, 4966.02)","(48.009666443, 7.831480503099999)"
"(3278.54, 4646.21)","(48.006790161000005, 7.8316116333000005)"
"(3284.76, 1607.97)","(47.979465485, 7.831671714800001)"
"(3294.46, 1629.18)","(47.979656219, 7.8318018913)"
"(3296.2, 4992.32)","(48.009902954, 7.831851005599999)"
"(3298.76, 4995.29)","(48.009929657, 7.831885337799999)"
"(3302.18, 4998.26)","(48.00995636, 7.8319311142)"
"(3302.67, 3886.97)","(47.999961853, 7.831929206799999)"
"(3303.99, 4631.79)","(48.006660461, 7.8319525719000005)"
"(3308.83, 5004.62)","(48.01001358, 7.832020282699999)"
"(3315.38, 3879.76)","(47.999897003, 7.8320994377)"
"(3320.28, 5014.38)","(48.010101318000004, 7.8321738243)"
"(3326.79, 1694.5)","(47.980243683000005, 7.8322353363)"
"(3343.51, 2262.87)","(47.985355377, 7.8324637413)"
"(3347.27, 3877.21)","(47.999874115, 7.8325266838)"
"(3347.44, 3884.0)","(47.99993515, 7.8325290679999995)"
"(3348.37, 3870.85)","(47.999816895, 7.8325414658)"
"(3350.03, 3890.78)","(47.999996185, 7.8325638771)"
"(3350.96, 1744.55)","(47.980693816999995, 7.832559585599999)"
"(3352.36, 3862.79)","(47.999744415, 7.8325948714999996)"
"(3354.36, 2260.75)","(47.98533630399999, 7.832609176599999)"
"(3355.85, 3859.4)","(47.999713898, 7.8326416016)"
"(3359.95, 3906.48)","(48.000137329, 7.8326969147000005)"
"(3361.38, 1762.79)","(47.980857848999996, 7.8326992989)"
"(3361.83, 3854.31)","(47.999668121000006, 7.8327217101999995)"
"(3364.3, 2260.33)","(47.985332488999994, 7.8327422142)"
"(3369.8, 4592.34)","(48.006305695, 7.8328342438)"
"(3371.72, 3925.99)","(48.000312805, 7.8328547478)"
"(3377.68, 2261.17)","(47.985340118, 7.832921505)"
"(3378.31, 1786.97)","(47.981075286999996, 7.8329262733)"
"(3389.28, 2262.45)","(47.985351562, 7.8330769539)"
"(3396.6, 3967.13)","(48.000682831000006, 7.8331885338)"
"(3408.45, 4566.47)","(48.006072998, 7.8333520889)"
"(3415.69, 2267.11)","(47.985393523999996, 7.8334307671)"
"(3416.46, 5105.57)","(48.010921478, 7.8334636688)"
"(3423.65, 4554.59)","(48.005966187, 7.8335556984000005)"
"(3430.46, 2270.5)","(47.985424042, 7.833628654500001)"
"(3438.18, 1863.31)","(47.981761932, 7.8337287902999995)"
"(3441.38, 2273.9)","(47.985454559, 7.8337750435)"
"(3446.66, 3806.8)","(47.999240875, 7.8338580132)"
"(3462.01, 1892.16)","(47.982021331999995, 7.8340482712)"
"(3465.15, 2284.08)","(47.985546112, 7.8340935707)"
"(3477.97, 5165.38)","(48.011459351000006, 7.8342885971000005)"
"(3495.74, 4491.82)","(48.005401611, 7.8345212936)"
"(3497.88, 4130.01)","(48.002147675, 7.8345470428)"
"(3501.83, 5187.43)","(48.011657715, 7.8346085548)"
"(3506.17, 4141.46)","(48.002250671000006, 7.834658145900001)"
"(3507.62, 5192.52)","(48.011703491000006, 7.8346862793)"
"(3507.78, 3771.6)","(47.998924255, 7.8346767426)"
"(3513.04, 4476.55)","(48.005264282, 7.8347530364999995)"
"(3522.76, 4468.06)","(48.005187988, 7.8348832129999995)"
"(3524.19, 3760.57)","(47.998825073, 7.8348965645)"
"(3527.46, 4169.46)","(48.002502441000004, 7.8349437714)"
"(3529.57, 5206.95)","(48.011833191, 7.834980487799999)"
"(3529.63, 4462.97)","(48.005142211999996, 7.8349752426)"
"(3529.67, 2315.47)","(47.985828399999995, 7.8349580764999995)"
"(3538.38, 5214.16)","(48.011898041, 7.835098743400001)"
"(3541.16, 4455.34)","(48.005073546999995, 7.8351297379)"
"(3551.28, 3740.21)","(47.998641968, 7.8352594375999995)"
"(3560.36, 2003.29)","(47.983020782, 7.8353667259)"
"(3561.6, 5234.09)","(48.012077332, 7.8354101180999995)"
"(3568.22, 4433.71)","(48.004878998, 7.8354921341)"
"(3572.58, 2334.55)","(47.986000061000006, 7.8355331421)"
"(3596.32, 2346.0)","(47.986103058000005, 7.8358511925)"
"(3598.03, 3699.91)","(47.998279572, 7.8358855247)"
"(3598.14, 2043.58)","(47.98338317899999, 7.835873127)"
"(3600.51, 2347.7)","(47.986118317, 7.8359074592999995)"
"(3602.2, 3696.94)","(47.998252869, 7.8359413147)"
"(3613.47, 4391.71)","(48.004501343, 7.8360981941)"
"(3615.5, 2062.67)","(47.98355484, 7.8361058235000005)"
"(3617.61, 2330.74)","(47.98596572899999, 7.8361363411000005)"
"(3617.93, 2326.92)","(47.985931396000005, 7.8361406326)"
"(3618.07, 2334.98)","(47.986003876000005, 7.83614254)"
"(3619.17, 2340.07)","(47.986049652, 7.836157321900001)"
"(3620.31, 2343.04)","(47.986076355, 7.8361725807000004)"
"(3620.54, 2317.59)","(47.985847473, 7.836175441699999)"
"(3623.86, 2074.12)","(47.983657836999996, 7.8362178801999995)"
"(3624.5, 2348.97)","(47.986129761, 7.8362288475)"
"(3628.98, 4282.28)","(48.003517151000004, 7.8363051414)"
"(3629.31, 2352.79)","(47.986164093, 7.836293220499999)"
"(3629.65, 2083.88)","(47.983745575, 7.8362956047)"
"(3631.72, 2357.03)","(47.98620224, 7.8363256454)"
"(3634.0, 2356.18)","(47.986194611, 7.836356163)"
"(3636.2, 2097.02)","(47.983863831, 7.8363833427)"
"(3639.39, 2274.32)","(47.985458374, 7.8364276886)"
"(3641.05, 2360.43)","(47.986232758, 7.8364505768)"
"(3641.18, 3674.04)","(47.998046875, 7.8364634514)"
"(3641.3, 2359.58)","(47.986225128, 7.836453914600001)"
"(3643.07, 2264.14)","(47.98536682100001, 7.8364768028)"
"(3646.79, 2118.23)","(47.984054565, 7.8365254402)"
"(3647.35, 2362.55)","(47.986251831000004, 7.836534977)"
"(3655.54, 2135.62)","(47.984210968, 7.8366427422000005)"
"(3657.99, 4314.09)","(48.003803253, 7.836694240599999)"
"(3658.66, 2366.36)","(47.986286163, 7.8366866112)"
"(3659.08, 4347.6)","(48.004104614, 7.8367090225)"
"(3659.52, 4315.79)","(48.003818511999995, 7.8367147446)"
"(3659.74, 4315.79)","(48.003818511999995, 7.8367176056)"
"(3660.23, 2204.34)","(47.984828949, 7.8367061614999995)"
"(3661.62, 4319.18)","(48.00384903, 7.836742878)"
"(3661.89, 2153.86)","(47.984375, 7.836728096)"
"(3662.69, 2190.76)","(47.984706878999994, 7.8367390633000005)"
"(3663.21, 4341.66)","(48.004051208, 7.8367643356)"
"(3663.4, 4323.42)","(48.003887176999996, 7.8367667198)"
"(3663.98, 2171.25)","(47.984531403000005, 7.836756229400001)"
"(3663.98, 2178.89)","(47.984600066999995, 7.836756229400001)"
"(3664.53, 4337.0)","(48.004009247, 7.8367819786)"
"(3664.64, 4328.09)","(48.003929138000004, 7.8367834091)"
"(3664.64, 4333.18)","(48.003974915, 7.8367834091)"
"(3666.71, 4320.03)","(48.00385665899999, 7.836811065700001)"
"(3671.58, 3655.8)","(47.997882843, 7.8368706703)"
"(3671.79, 4323.0)","(48.003883361999996, 7.8368792534)"
"(3676.88, 4324.27)","(48.003894806000005, 7.8369474411)"
"(3682.47, 4324.7)","(48.003898621000005, 7.8370223045000005)"
"(3685.35, 4324.27)","(48.003894806000005, 7.837060928300001)"
"(3688.98, 2377.82)","(47.98638916, 7.8370928764)"
"(3690.12, 4323.0)","(48.003883361999996, 7.837124824500001)"
"(3691.23, 3643.92)","(47.997776031, 7.837133884400001)"
"(3695.56, 4320.03)","(48.00385665899999, 7.8371977805999995)"
"(3699.95, 3637.99)","(47.997722626000005, 7.8372507095)"
"(3704.03, 2383.33)","(47.986438751, 7.8372945786)"
"(3726.03, 2391.39)","(47.98651123, 7.8375892639)"
"(3734.58, 4291.19)","(48.00359726, 7.8377203941)"
"(3744.49, 2400.72)","(47.98659515399999, 7.8378367424)"
"(3749.37, 3598.54)","(47.99736785899999, 7.8379125595)"
"(3768.69, 2415.57)","(47.986728668000005, 7.8381609917)"
"(3771.7, 3581.15)","(47.997211456, 7.8382115364)"
"(3787.43, 3570.12)","(47.997112273999996, 7.8384222984)"
"(3791.06, 2431.26)","(47.986869811999995, 7.8384609222)"
"(3804.31, 3559.94)","(47.997020721000005, 7.8386483192)"
"(3813.51, 2449.5)","(47.987033843999995, 7.8387618065)"
"(3825.15, 4209.33)","(48.002861023, 7.8389334679)"
"(3825.81, 3548.07)","(47.99691391, 7.8389363289)"
"(3830.0, 4205.93)","(48.002830505, 7.8389983177)"
"(3835.1, 2468.59)","(47.987205505, 7.8390512465999995)"
"(3835.94, 4203.39)","(48.002807616999995, 7.839077949500001)"
"(3839.61, 4202.12)","(48.002796173, 7.8391270638)"
"(3841.58, 2472.83)","(47.987243652, 7.839138031)"
"(3847.77, 2475.8)","(47.987270355, 7.8392210007)"
"(3848.43, 4201.69)","(48.002792358, 7.839245319400001)"
"(3856.12, 4202.96)","(48.002803801999995, 7.8393483162)"
"(3859.73, 3533.22)","(47.996780396000005, 7.8393907547)"
"(3864.94, 4205.93)","(48.002830505, 7.839466571799999)"
"(3865.63, 2480.89)","(47.987316132, 7.8394603729)"
"(3875.6, 2482.58)","(47.98733139, 7.8395938873)"
"(3878.04, 2507.18)","(47.987552643, 7.8396267890999995)"
"(3880.3, 4213.99)","(48.002902985, 7.8396725655)"
"(3883.02, 2510.58)","(47.98758316, 7.8396935463)"
"(3888.42, 3523.46)","(47.996692657, 7.8397750853999995)"
"(3893.79, 2482.58)","(47.98733139, 7.8398375511000005)"
"(3908.37, 4227.14)","(48.00302124, 7.84004879)"
"(3924.08, 2482.16)","(47.987327576000006, 7.840243339500001)"
"(3925.44, 3512.44)","(47.996593475, 7.8402709961)"
"(3941.62, 2482.16)","(47.987327576000006, 7.840478420299999)"
"(3951.05, 4250.47)","(48.00323104899999, 7.8406209946)"
"(3958.28, 2483.43)","(47.98733902, 7.84070158)"
"(3960.28, 3501.83)","(47.996498108000004, 7.8407378197)"
"(3962.43, 4259.38)","(48.003311157, 7.8407735825)"
"(3973.65, 2486.82)","(47.987369537, 7.8409075737)"
"(3982.12, 2598.8)","(47.988376617, 7.8410220146)"
"(3984.73, 4276.77)","(48.00346756, 7.841072559400001)"
"(3990.7, 4281.86)","(48.003513336000005, 7.841152667999999)"
"(4001.79, 2614.92)","(47.988521576000004, 7.8412857056)"
"(4008.94, 4300.1)","(48.003677368000005, 7.841397285499999)"
"(4015.98, 4309.0)","(48.003757477, 7.8414916992)"
"(4031.2, 4325.97)","(48.003910065, 7.8416957855)"
"(4045.21, 4338.27)","(48.004020691, 7.8418836594000005)"
"(4064.24, 4350.57)","(48.004131316999995, 7.842138767200001)"
"(4074.37, 4359.05)","(48.004207611000005, 7.842274665800001)"
"(4080.84, 2511.0)","(47.987586975, 7.842343807200001)"
"(4084.61, 4367.96)","(48.00428772, 7.8424119949)"
"(4090.01, 2681.09)","(47.989116669, 7.8424682617)"
"(4134.04, 4414.62)","(48.004707336, 7.8430747986)"
"(4134.05, 2717.57)","(47.989444733, 7.8430585861)"
"(4153.82, 2734.11)","(47.989593506000006, 7.8433237076)"
"(4154.38, 3441.18)","(47.995952606, 7.843338012699999)"
"(4156.37, 4437.1)","(48.004909515, 7.8433742523)"
"(4174.61, 4451.52)","(48.005039215, 7.8436188698)"
"(4187.41, 4460.0)","(48.005115509, 7.8437905312)"
"(4194.81, 4465.94)","(48.005168915, 7.8438897133)"
"(4200.53, 4472.3)","(48.005226135, 7.8439664841)"
"(4204.83, 4479.51)","(48.005290985, 7.8440241814)"
"(4206.5, 4483.76)","(48.005329132, 7.8440465927)"
"(4206.53, 3423.36)","(47.995792388999995, 7.8440365791)"
"(4208.45, 4491.39)","(48.005397797, 7.8440728188)"
"(4213.13, 4570.28)","(48.00610733, 7.844136238099999)"
"(4214.54, 4578.77)","(48.006183623999995, 7.8441553116)"
"(4216.03, 2788.4)","(47.990081787, 7.844157695800001)"
"(4216.04, 4582.59)","(48.006217957, 7.8441753387)"
"(4220.27, 2792.64)","(47.990119934, 7.844214439400001)"
"(4221.48, 3418.27)","(47.995746613, 7.844236850700001)"
"(4222.54, 4591.49)","(48.006298065, 7.8442625999)"
"(4232.6, 2808.34)","(47.990261078, 7.844379901900001)"
"(4236.64, 2544.51)","(47.987888336000005, 7.8444314002999995)"
"(4237.26, 2812.58)","(47.990299225, 7.8444423676)"
"(4262.41, 3405.12)","(47.995628357, 7.8447852135)"
"(4275.85, 2856.27)","(47.990692139, 7.844959735900001)"
"(4284.21, 2864.75)","(47.990768433, 7.8450717926)"
"(4291.07, 3396.22)","(47.995548248, 7.8451690674000005)"
"(4298.46, 2885.96)","(47.990959167, 7.8452630043)"
"(4300.16, 3182.44)","(47.993625641, 7.8452887535)"
"(4300.42, 2890.2)","(47.990997314, 7.8452892303)"
"(4300.63, 3033.14)","(47.992282867, 7.8452935219)"
"(4300.64, 3060.28)","(47.992527008, 7.8452939987)"
"(4301.62, 2987.75)","(47.991874695, 7.8453063965)"
"(4302.76, 2900.38)","(47.991088866999995, 7.8453207015999995)"
"(4303.56, 2917.77)","(47.99124527, 7.8453316689)"
"(4322.78, 3295.69)","(47.994644165, 7.8455929756)"
"(4329.62, 3383.92)","(47.995437622, 7.845685482)"
"(4330.67, 4723.83)","(48.007488251000005, 7.8457131386)"
"(4338.72, 3354.23)","(47.995170593000005, 7.8458070755)"
"(4343.9, 3374.16)","(47.995349884, 7.8458766937)"
"(4350.78, 3397.49)","(47.995559692, 7.8459692001)"
"(4357.28, 3419.97)","(47.995761871000006, 7.8460564613)"
"(4361.76, 2572.08)","(47.988136292, 7.8461079597)"
"(4362.5, 3434.39)","(47.995891571, 7.8461265564)"
"(4365.94, 4766.67)","(48.007873535, 7.846186161)"
"(4373.08, 3370.77)","(47.995319366000004, 7.846267700199999)"
"(4376.25, 2575.9)","(47.988170624, 7.8463020325)"
"(4379.23, 3471.72)","(47.996227264, 7.8463511467)"
"(4392.05, 2580.99)","(47.9882164, 7.8465137482000005)"
"(4394.51, 3503.95)","(47.996517181, 7.8465561867)"
"(4397.46, 3364.4)","(47.995262146, 7.846594333600001)"
"(4407.92, 2587.35)","(47.988273621000005, 7.8467264175)"
"(4408.9, 3531.1)","(47.996761322, 7.8467493057)"
"(4417.72, 3542.55)","(47.996864319, 7.8468675613)"
"(4422.77, 3360.16)","(47.995223999, 7.8469333649)"
"(4429.88, 4845.14)","(48.008579254, 7.8470439911000005)"
"(4430.65, 2598.38)","(47.988372803000004, 7.8470311165)"
"(4434.97, 4850.23)","(48.008625031, 7.8471121788)"
"(4439.18, 3358.89)","(47.995212555, 7.847153186799999)"
"(4444.78, 4854.89)","(48.008666991999995, 7.8472437859)"
"(4452.46, 4857.44)","(48.00868988, 7.8473467827)"
"(4454.87, 3358.89)","(47.995212555, 7.8473634720000005)"
"(4464.1, 2195.85)","(47.984752655, 7.847475051900001)"
"(4464.24, 2204.34)","(47.984828949, 7.8474769592)"
"(4464.4, 2175.07)","(47.984565735, 7.8474788665999995)"
"(4465.38, 2157.26)","(47.984405518, 7.8474917412)"
"(4465.69, 2619.16)","(47.988559723, 7.8475008011)"
"(4465.96, 1037.48)","(47.974334717, 7.8474879264999995)"
"(4465.98, 2250.57)","(47.985244751, 7.8475008011)"
"(4466.11, 1078.63)","(47.974704742, 7.8474903107000005)"
"(4466.89, 2266.69)","(47.985389708999996, 7.8475131989)"
"(4468.09, 948.41)","(47.97353363, 7.847515583)"
"(4468.72, 2340.91)","(47.986057281, 7.8475384712)"
"(4469.79, 921.27)","(47.97328949, 7.8475379944000005)"
"(4470.53, 1159.64)","(47.97543335, 7.8475503922000005)"
"(4471.72, 2048.25)","(47.98342514, 7.847575664500001)"
"(4472.19, 1180.0)","(47.975616455, 7.8475728035)"
"(4472.44, 894.12)","(47.973045348999996, 7.8475732803)"
"(4475.97, 2442.71)","(47.986972808999994, 7.847636699700001)"
"(4477.97, 4865.5)","(48.00876236, 7.8476886749)"
"(4478.0, 2628.07)","(47.988639832, 7.8476657866999995)"
"(4480.92, 839.4)","(47.972553253, 7.8476862907000005)"
"(4482.02, 2631.46)","(47.988670348999996, 7.847719669299999)"
"(4484.34, 1932.45)","(47.982383728, 7.8477435112)"
"(4485.78, 816.07)","(47.972343445, 7.8477511406)"
"(4485.95, 1286.89)","(47.976577758999994, 7.847758293200001)"
"(4486.32, 2636.55)","(47.988716125, 7.8477773666)"
"(4488.3, 2565.29)","(47.988075256, 7.847803115800001)"
"(4488.71, 2639.95)","(47.988746643, 7.8478093147)"
"(4491.12, 2646.31)","(47.988803864, 7.847841739700001)"
"(4491.46, 1342.88)","(47.977081299, 7.847832679700001)"
"(4492.04, 1553.26)","(47.978973389, 7.8478426933000005)"
"(4493.77, 1398.86)","(47.977584838999995, 7.8478641510000005)"
"(4493.85, 2656.49)","(47.988895416000005, 7.8478784561)"
"(4494.31, 1621.12)","(47.97958374, 7.8478736877)"
"(4494.55, 3637.14)","(47.997714996000006, 7.8478980063999995)"
"(4496.12, 2675.57)","(47.989067078000005, 7.8479089737)"
"(4497.57, 768.99)","(47.971920013, 7.847908496900001)"
"(4499.3, 1829.81)","(47.98146057100001, 7.8479428291)"
"(4501.1, 1722.07)","(47.980491638000004, 7.8479657173)"
"(4501.53, 2715.02)","(47.989421844, 7.8479819298)"
"(4501.57, 1803.08)","(47.981220245, 7.8479728699)"
"(4502.98, 1775.94)","(47.980976105, 7.8479914665)"
"(4502.99, 1755.58)","(47.980792998999995, 7.8479914665)"
"(4504.64, 745.24)","(47.97170639, 7.848002910599999)"
"(4504.78, 3652.83)","(47.99785614, 7.8480353355)"
"(4505.96, 2745.56)","(47.989696503000005, 7.848041534400001)"
"(4507.38, 3658.35)","(47.997905731, 7.8480701447)"
"(4508.4, 2754.89)","(47.989780426, 7.8480744362)"
"(4514.69, 2773.98)","(47.989952087, 7.8481588364)"
"(4515.28, 4877.38)","(48.008869171, 7.8481888771)"
"(4517.96, 3682.1)","(47.998119353999996, 7.848212242100001)"
"(4518.45, 706.64)","(47.971359253, 7.8481874466)"
"(4520.38, 2822.33)","(47.990386963, 7.8482356071)"
"(4523.67, 2844.81)","(47.990589142, 7.848279953)"
"(4526.63, 4882.89)","(48.008918762, 7.8483409882)"
"(4527.02, 3703.31)","(47.99831008899999, 7.848333835599999)"
"(4527.07, 3362.71)","(47.995246887, 7.8483309746000005)"
"(4531.36, 674.83)","(47.971073151000006, 7.848360061599999)"
"(4532.46, 3713.91)","(47.998405457, 7.8484067916999996)"
"(4532.96, 4886.71)","(48.008953094, 7.848425865199999)"
"(4537.65, 2952.55)","(47.991558075, 7.8484683037)"
"(4538.11, 3719.85)","(47.998458862, 7.8484826088)"
"(4538.75, 4890.95)","(48.008991241000004, 7.8485035896)"
"(4539.84, 2969.51)","(47.991710663, 7.8484978676)"
"(4540.94, 2978.42)","(47.991790771000005, 7.848512649500001)"
"(4542.09, 3722.39)","(47.99848175, 7.8485360146000005)"
"(4543.55, 2999.63)","(47.991981506, 7.848547935499999)"
"(4546.25, 4898.16)","(48.009056091000005, 7.8486042023)"
"(4546.47, 3361.01)","(47.995231628, 7.848590850800001)"
"(4547.2, 3028.9)","(47.99224472, 7.8485970497)"
"(4547.22, 3724.51)","(47.998500824, 7.848604679099999)"
"(4550.17, 3724.94)","(47.998504639, 7.8486442566)"
"(4550.6, 3048.83)","(47.992424011000004, 7.8486428261)"
"(4555.08, 3100.58)","(47.992889403999996, 7.8487033844)"
"(4556.72, 3724.94)","(47.998504639, 7.8487319946000005)"
"(4562.24, 3358.04)","(47.99520492600001, 7.8488020897)"
"(4562.78, 3165.9)","(47.993476868, 7.8488073349)"
"(4563.53, 603.15)","(47.970428467, 7.8487901688)"
"(4564.08, 3189.23)","(47.993686676, 7.8488249779)"
"(4567.06, 3198.98)","(47.993774413999994, 7.8488650322)"
"(4568.25, 3355.92)","(47.995185852, 7.8488826752)"
"(4582.95, 3721.12)","(47.998470306, 7.8490834236)"
"(4583.95, 3226.13)","(47.994018555, 7.8490915298)"
"(4586.77, 3348.29)","(47.995117188, 7.8491306304999995)"
"(4604.38, 3261.33)","(47.994335175, 7.8493657112)"
"(4612.19, 3335.99)","(47.995006561000004, 7.8494710922)"
"(4616.96, 3279.57)","(47.994499207, 7.8495345116)"
"(4619.02, 3332.17)","(47.994972229, 7.849562645)"
"(4623.36, 3288.91)","(47.99458313, 7.849620342300001)"
"(4625.4, 3327.5)","(47.994930267, 7.8496479988)"
"(4628.24, 3325.81)","(47.994915008999996, 7.849686145800001)"
"(4628.32, 3323.26)","(47.99489212, 7.8496870995000005)"
"(4629.24, 453.85)","(47.969085693000004, 7.849668502799999)"
"(4631.88, 3315.2)","(47.99481964100001, 7.849734783200001)"
"(4632.11, 3301.21)","(47.994693756000004, 7.849737644199999)"
"(4632.7, 3319.44)","(47.994857788000004, 7.8497457503999994)"
"(4632.99, 3307.57)","(47.994750976999995, 7.8497495651)"
"(4634.58, 3324.11)","(47.99489975, 7.8497710228)"
"(4640.04, 430.52)","(47.968875885, 7.849812984500001)"
"(4641.0, 3309.69)","(47.99477005, 7.8498568535)"
"(4642.14, 3308.42)","(47.994758606000005, 7.8498721123)"
"(4642.48, 3324.96)","(47.994907379, 7.849876880599999)"
"(4649.38, 3328.35)","(47.994937897, 7.849969387100001)"
"(4649.51, 3302.48)","(47.994705200000006, 7.8499708176)"
"(4650.74, 410.58)","(47.968696593999994, 7.849956035599999)"
"(4653.33, 3331.32)","(47.9949646, 7.8500223160000004)"
"(4657.35, 3334.29)","(47.994991301999995, 7.8500761986)"
"(4659.66, 3294.84)","(47.994636536, 7.8501067162)"
"(4666.0, 385.13)","(47.968467712, 7.850160121900001)"
"(4666.88, 3290.18)","(47.994594574, 7.8502035140999995)"
"(4667.36, 5029.22)","(48.010234833, 7.8502287865)"
"(4668.9, 3355.5)","(47.995182037, 7.850231170700001)"
"(4674.38, 373.26)","(47.968360901000004, 7.8502721786)"
"(4684.9, 3280.85)","(47.994510651000006, 7.8504447937)"
"(4684.93, 3380.1)","(47.99540329, 7.8504462242)"
"(4697.97, 3699.91)","(47.998279572, 7.8506245613)"
"(4702.31, 3274.48)","(47.99445343, 7.8506779671)"
"(4708.72, 3697.79)","(47.998260498, 7.8507685661)"
"(4711.12, 327.87)","(47.967952728, 7.8507637978)"
"(4713.58, 3419.55)","(47.995758056999996, 7.850830555)"
"(4718.62, 3694.4)","(47.99822998, 7.8509011269)"
"(4727.65, 3438.21)","(47.995925903, 7.8510193825)"
"(4728.51, 3268.12)","(47.99439621, 7.8510289192)"
"(4737.77, 3686.34)","(47.998157501, 7.8511576653)"
"(4749.58, 286.3)","(47.967578888, 7.8512783051)"
"(4750.54, 3264.73)","(47.994365691999995, 7.8513240814)"
"(4751.26, 3682.52)","(47.998123168999996, 7.8513383865)"
"(4757.86, 5123.39)","(48.011081696000005, 7.851442813899999)"
"(4768.67, 3495.05)","(47.996437073, 7.8515696526)"
"(4773.89, 3260.06)","(47.99432373, 7.8516368866)"
"(4777.56, 3677.43)","(47.998077393, 7.851690769199999)"
"(4778.16, 258.73)","(47.967330933, 7.851660728500001)"
"(4790.57, 3528.13)","(47.996734618999994, 7.8518633842)"
"(4798.14, 5163.26)","(48.011440277, 7.851983070399999)"
"(4799.2, 3253.28)","(47.994262695, 7.8519759178)"
"(4805.34, 238.38)","(47.967147827, 7.8520245552)"
"(4814.66, 3567.15)","(47.99708557100001, 7.8521866798)"
"(4815.32, 232.01)","(47.967090606999996, 7.852158069600001)"
"(4822.12, 3246.07)","(47.994197845, 7.8522830009)"
"(4828.78, 3585.39)","(47.997249603, 7.852375984199999)"
"(4832.91, 222.68)","(47.967006683, 7.852393627200001)"
"(4837.84, 3598.96)","(47.99737167399999, 7.8524975776999995)"
"(4847.33, 5214.16)","(48.011898041, 7.852643013)"
"(4848.46, 3616.35)","(47.997528076, 7.852640152)"
"(4860.56, 210.38)","(47.966896057, 7.852763652799999)"
"(4861.18, 3638.83)","(47.997730255, 7.8528108597)"
"(4866.51, 3649.44)","(47.997825623000004, 7.8528823853)"
"(4868.57, 206.14)","(47.96685791, 7.8528709412)"
"(4868.82, 3657.07)","(47.997894287, 7.8529133797)"
"(4869.37, 3679.13)","(47.998092651, 7.852921009099999)"
"(4869.39, 3662.16)","(47.997940063, 7.852921009099999)"
"(4869.73, 3680.4)","(47.998104095, 7.8529257774)"
"(4871.31, 3701.19)","(47.998291016, 7.8529472351)"
"(4880.46, 3734.27)","(47.998588561999995, 7.8530702591)"
"(4889.16, 3219.77)","(47.993961334, 7.8531808853)"
"(4890.43, 3776.26)","(47.998966216999996, 7.8532042503)"
"(4892.01, 5258.69)","(48.01229858399999, 7.8532423973)"
"(4892.93, 3798.74)","(47.999168396, 7.8532381058)"
"(4898.57, 3823.77)","(47.999393463000004, 7.8533139229)"
"(4899.27, 3213.83)","(47.993907928, 7.8533163071)"
"(4902.94, 190.45)","(47.966716766000005, 7.853331089)"
"(4903.79, 3210.44)","(47.99387741100001, 7.8533768654)"
"(4905.59, 5270.99)","(48.01240921, 7.8534245491)"
"(4906.05, 2980.54)","(47.991809845, 7.853404521900001)"
"(4906.16, 2972.48)","(47.991737366, 7.8534059525)"
"(4907.18, 2989.87)","(47.991893768000004, 7.8534197807)"
"(4907.28, 2961.88)","(47.991641998, 7.8534207344)"
"(4908.64, 2995.39)","(47.991943359, 7.853439331100001)"
"(4910.52, 2952.97)","(47.99156189, 7.8534641266)"
"(4914.64, 3009.81)","(47.992073059, 7.8535199165)"
"(4918.07, 5281.17)","(48.012500763, 7.853591918899999)"
"(4918.79, 3194.32)","(47.993732451999996, 7.8535776138)"
"(4921.27, 3906.9)","(48.000141144, 7.8536190987)"
"(4924.18, 180.27)","(47.966625214, 7.853615284)"
"(4925.96, 5287.11)","(48.012554169, 7.8536977768)"
"(4936.46, 3172.69)","(47.993537903000004, 7.8538141250999995)"
"(4938.8, 5295.6)","(48.012630463, 7.853869915)"
"(4939.09, 3048.41)","(47.992420197, 7.853847980499999)"
"(4940.0, 2899.1)","(47.991077423, 7.8538584709000006)"
"(4945.91, 166.69)","(47.966503143000004, 7.853906154600001)"
"(4947.04, 3156.14)","(47.99338913, 7.8539557457)"
"(4947.77, 3056.04)","(47.992488861000005, 7.8539643288)"
"(4948.8, 4002.76)","(48.001003265, 7.853989124299999)"
"(4951.58, 2881.29)","(47.990917206000006, 7.8540134429999995)"
"(4953.81, 3061.13)","(47.992534637, 7.8540453911000006)"
"(4955.67, 3136.21)","(47.993209838999995, 7.854071140299999)"
"(4958.6, 5307.9)","(48.012741088999995, 7.8541355133)"
"(4958.72, 3067.92)","(47.992595673000004, 7.854111194600001)"
"(4960.13, 2870.26)","(47.990818024, 7.8541278838999995)"
"(4961.58, 3098.03)","(47.99286651600001, 7.854149818400001)"
"(4962.77, 3078.52)","(47.99269104, 7.854165554)"
"(4963.3, 3082.34)","(47.992725371999995, 7.8541727066)"
"(4967.07, 4073.17)","(48.001636505, 7.8542346954)"
"(4968.95, 5313.41)","(48.01279068, 7.8542742729)"
"(4970.82, 2860.51)","(47.990730286, 7.8542709351)"
"(4977.55, 5240.45)","(48.012134552, 7.8543887138)"
"(4977.83, 5245.97)","(48.012184143, 7.8543925285)"
"(4977.88, 5236.64)","(48.01210022, 7.8543930053999995)"
"(4979.16, 5232.4)","(48.012062073, 7.8544101715)"
"(4979.39, 5251.91)","(48.012237549, 7.8544135094000005)"
"(4979.91, 4118.56)","(48.002044678000004, 7.854407310499999)"
"(4981.68, 4127.89)","(48.002128601, 7.8544311523)"
"(4982.15, 5228.15)","(48.012023926000005, 7.854450225800001)"
"(4985.24, 2851.6)","(47.990650177, 7.854464054099999)"
"(4989.35, 5220.09)","(48.011951447, 7.854546546900001)"
"(4989.57, 5125.93)","(48.011104583999995, 7.8545484543)"
"(4989.74, 5088.18)","(48.010765076000006, 7.854550361599999)"
"(4990.05, 137.85)","(47.966243743999996, 7.8544969559)"
"(4990.11, 5286.69)","(48.012550354, 7.8545575142)"
"(4990.76, 5149.26)","(48.011314391999996, 7.8545646667)"
"(4991.91, 5006.74)","(48.01003265399999, 7.854578495)"
"(4994.2, 4910.88)","(48.009170532, 7.8546080589)"
"(4994.69, 5327.83)","(48.01292038, 7.8546195029999994)"
"(4995.21, 2846.51)","(47.990604401000006, 7.8545975685)"
"(4995.47, 5211.19)","(48.011871338, 7.8546285628999994)"
"(4995.61, 4891.8)","(48.008998871, 7.8546266556)"
"(4997.17, 4236.05)","(48.003101349, 7.854640007)"
"(4997.25, 5330.38)","(48.012943268, 7.8546538353)"
"(4998.0, 5204.83)","(48.011814117, 7.8546624184)"
"(4998.02, 5187.01)","(48.0116539, 7.8546624184)"
"(4998.79, 5200.16)","(48.011772156000006, 7.8546729088)"
"(4999.01, 5195.92)","(48.011734008999994, 7.8546757698)"
"(4999.89, 4870.59)","(48.008808136000006, 7.854683876)"
"(5000.59, 132.76)","(47.966197968, 7.854638099700001)"
"(5000.91, 5336.31)","(48.01299667399999, 7.854702949500001)"
"(5002.2, 5326.13)","(48.012905121, 7.8547201157)"
"(5003.94, 5335.04)","(48.012985228999995, 7.854743480700001)"
"(5004.07, 4854.05)","(48.008659363, 7.854739666)"
"(5005.98, 4300.94)","(48.003684998000004, 7.8547587395)"
"(5008.4, 128.09)","(47.966156006000006, 7.854742527000001)"
"(5012.96, 5391.03)","(48.01348877, 7.854865074199999)"
"(5013.26, 2839.3)","(47.990539551000005, 7.854839325)"
"(5014.88, 5429.63)","(48.013835907, 7.854891300199999)"
"(5017.8, 5432.6)","(48.01386261, 7.854930400800001)"
"(5019.7, 4807.81)","(48.008243561, 7.854948520700001)"
"(5021.19, 5461.02)","(48.014118195, 7.8549761772)"
"(5021.93, 120.88)","(47.966091156000005, 7.8549237251)"
"(5023.3, 5485.19)","(48.014335632, 7.8550047874)"
"(5024.19, 4790.0)","(48.008083344, 7.855008602100001)"
"(5026.5, 5534.82)","(48.014781952, 7.855048179600001)"
"(5028.45, 4442.61)","(48.004959106, 7.8550615311000005)"
"(5028.74, 5535.24)","(48.014785767, 7.855078220399999)"
"(5029.63, 117.49)","(47.966060638, 7.855026722000001)"
"(5032.44, 5575.12)","(48.015144348, 7.8551282883)"
"(5034.88, 5592.51)","(48.015300751000005, 7.85516119)"
"(5035.2, 4736.13)","(48.007598877, 7.8551554679999995)"
"(5036.07, 116.22)","(47.96604919399999, 7.855113029500001)"
"(5036.74, 4718.74)","(48.007442473999994, 7.8551759720000005)"
"(5036.83, 4698.8)","(48.007263183999996, 7.8551769257)"
"(5037.55, 5591.66)","(48.015293121000006, 7.8551969528)"
"(5038.03, 5607.78)","(48.01543808, 7.8552036285)"
"(5038.05, 4689.47)","(48.00717926, 7.8551931381)"
"(5038.49, 4507.93)","(48.00554657, 7.8551969528)"
"(5040.8, 5606.93)","(48.01543045, 7.8552408218)"
"(5041.57, 5622.62)","(48.015571593999994, 7.8552513123)"
"(5041.95, 113.67)","(47.966026306, 7.8551917075999995)"
"(5043.57, 4640.69)","(48.00674057, 7.8552665710000005)"
"(5044.59, 4578.77)","(48.006183623999995, 7.855279445599999)"
"(5044.91, 5635.35)","(48.015686035, 7.8552961349)"
"(5044.94, 4587.25)","(48.006259918000005, 7.855284214)"
"(5046.18, 5639.59)","(48.015724182, 7.8553133011)"
"(5047.65, 5634.92)","(48.01568222, 7.8553328514)"
"(5048.75, 5638.74)","(48.015716553000004, 7.8553476334)"
"(5049.31, 5640.44)","(48.015731812, 7.8553552628)"
"(5051.75, 108.16)","(47.965976715, 7.855322837799999)"
"(5058.17, 5678.61)","(48.016075134, 7.855474472)"
"(5061.98, 5677.34)","(48.01606369, 7.8555254936)"
"(5066.17, 103.07)","(47.965930938999996, 7.855515956900001)"
"(5081.85, 96.28)","(47.965869903999995, 7.8557257652)"
"(5088.33, 92.47)","(47.96583557100001, 7.8558125496)"
"(5092.58, 5794.83)","(48.017120361, 7.855937004099999)"
"(5095.07, 5794.83)","(48.017120361, 7.8559703827)"
"(5113.5, 5861.85)","(48.017723083, 7.856218338)"
"(5115.96, 5861.42)","(48.017719269, 7.856251239800001)"
"(5128.59, 70.83)","(47.965641022, 7.856351375599999)"
"(5136.28, 5928.86)","(48.01832580600001, 7.8565244675)"
"(5139.39, 5952.19)","(48.018535613999994, 7.8565664291)"
"(5143.96, 2792.22)","(47.990116119, 7.8565897942)"
"(5156.23, 6017.94)","(48.019126891999996, 7.8567929268)"
"(5159.34, 2784.16)","(47.99004364, 7.856795787799999)"
"(5163.74, 6045.08)","(48.019371033, 7.8568940163)"
"(5165.21, 6039.15)","(48.019317627, 7.856913566599999)"
"(5165.49, 53.44)","(47.965484618999994, 7.8568453789)"
"(5172.72, 6068.84)","(48.019584656000006, 7.8570146561000005)"
"(5175.54, 46.23)","(47.96541976899999, 7.856979847000001)"
"(5178.75, 2770.59)","(47.98992157, 7.8570556641)"
"(5185.23, 38.17)","(47.96534729, 7.857109546699999)"
"(5190.05, 6147.73)","(48.020294189, 7.8572478294)"
"(5190.47, 30.96)","(47.96528244, 7.857179641699999)"
"(5201.61, 6177.0)","(48.020557403999995, 7.8574032784000005)"
"(5207.53, 6208.38)","(48.020839691000006, 7.8574829102)"
"(5208.13, 0.0)","(47.965003967, 7.8574156761000005)"
"(5213.94, 2739.2)","(47.989639282, 7.8575267792)"
"(5214.95, 6220.69)","(48.020950317, 7.8575825691)"
"(5217.46, 6234.68)","(48.021076201999996, 7.857616424600001)"
"(5218.04, 6228.74)","(48.021022797, 7.8576240539999995)"
"(5225.1, 6247.83)","(48.021194458000004, 7.8577189445)"
"(5228.94, 2728.17)","(47.9895401, 7.8577275276)"
"(5232.31, 6262.25)","(48.021324158, 7.8578157425)"
"(5234.48, 6260.56)","(48.021308899, 7.8578448296)"
"(5238.62, 6278.79)","(48.021472931000005, 7.8579006195000005)"
"(5240.4, 6274.98)","(48.021438599, 7.8579244614)"
"(5244.73, 6288.97)","(48.021564483999995, 7.857982635499999)"
"(5245.5, 6302.12)","(48.021682739, 7.8579931259)"
"(5251.23, 2716.29)","(47.989433289, 7.8580260277)"
"(5251.7, 6326.3)","(48.021900177, 7.8580765724)"
"(5260.08, 6348.78)","(48.022102356000005, 7.858189106)"
"(5262.27, 6367.44)","(48.022270203000005, 7.8582186699)"
"(5266.56, 6381.02)","(48.022392273, 7.8582763672)"
"(5272.3, 6401.38)","(48.022575378, 7.8583536148)"
"(5275.1, 6411.56)","(48.022666931, 7.8583912849)"
"(5275.3, 2706.96)","(47.989349365, 7.858348369600001)"
"(5276.88, 6407.32)","(48.022628784, 7.8584151268)"
"(5277.7, 6411.13)","(48.022663116000004, 7.8584260940999995)"
"(5282.19, 6432.76)","(48.02285766600001, 7.8584866524)"
"(5285.43, 6432.76)","(48.02285766600001, 7.8585300446)"
"(5290.85, 6453.55)","(48.023044586000005, 7.8586030006)"
"(5294.52, 6453.12)","(48.023040771000005, 7.8586521149)"
"(5294.9, 6459.91)","(48.023101806999996, 7.8586573601)"
"(5298.58, 2698.05)","(47.989269257, 7.8586602211)"
"(5304.92, 6472.21)","(48.023212433000005, 7.8587918282)"
"(5306.77, 6470.09)","(48.023193359, 7.8588166237)"
"(5312.67, 6480.69)","(48.023288727, 7.8588957787)"
"(5314.41, 6478.15)","(48.023265839, 7.8589191437)"
"(5333.98, 6507.42)","(48.023529053000004, 7.8591818810000005)"
"(5336.97, 6506.99)","(48.023525238000005, 7.8592219353)"
"(5355.86, 6540.08)","(48.023822784, 7.8594756126)"
"(5372.78, 2670.48)","(47.989021301, 7.8596539497)"
"(5381.08, 6575.71)","(48.024143218999995, 7.859814167000001)"
"(5394.35, 2663.27)","(47.98895645100001, 7.859942913099999)"
"(5401.26, 6601.58)","(48.024375916000004, 7.8600850105)"
"(5411.54, 6753.0)","(48.025737762, 7.8602247238)"
"(5412.26, 6626.61)","(48.024600983, 7.86023283)"
"(5412.31, 6723.31)","(48.025470733999995, 7.8602347374)"
"(5412.73, 6620.67)","(48.024547577, 7.8602390289)"
"(5413.36, 6787.79)","(48.026050568, 7.860249519299999)"
"(5414.76, 6734.77)","(48.02557373, 7.8602676392)"
"(5415.08, 6804.75)","(48.026203156, 7.8602728844000005)"
"(5415.27, 6763.18)","(48.025829315, 7.860274791699999)"
"(5416.43, 6694.47)","(48.025211334, 7.8602895737)"
"(5416.98, 6831.9)","(48.026447296, 7.8602986336)"
"(5417.16, 6639.75)","(48.024719238, 7.8602986336)"
"(5418.13, 6632.97)","(48.024658203, 7.860311508200001)"
"(5419.36, 6876.44)","(48.026847839, 7.8603310585)"
"(5419.38, 6656.3)","(48.024868011, 7.8603286743)"
"(5419.77, 6666.05)","(48.02495575, 7.8603339195)"
"(5419.97, 6639.33)","(48.02471542399999, 7.8603363037000005)"
"(5420.26, 6826.81)","(48.02640152, 7.8603425026)"
"(5421.0, 6645.69)","(48.024772643999995, 7.860350132000001)"
"(5422.23, 6848.44)","(48.02659606899999, 7.8603692055)"
"(5422.44, 6966.36)","(48.027656555, 7.860373497)"
"(5422.86, 6667.32)","(48.024967194, 7.860375404400001)"
"(5424.78, 7004.11)","(48.027996063, 7.8604054451)"
"(5425.2, 6904.43)","(48.027099609, 7.860409736599999)"
"(5425.4, 2654.37)","(47.988876343, 7.8603587151)"
"(5426.77, 6966.36)","(48.027656555, 7.8604316711)"
"(5429.27, 7031.25)","(48.028240204, 7.8604660034)"
"(5430.88, 7020.65)","(48.028144836, 7.8604874611)"
"(5432.74, 7047.37)","(48.028385162, 7.8605127335)"
"(5436.19, 7046.52)","(48.028377533000004, 7.860558986699999)"
"(5436.47, 7059.67)","(48.028495789, 7.8605628013999995)"
"(5443.68, 7067.73)","(48.028568268, 7.8606595993)"
"(5448.82, 2648.85)","(47.988826752, 7.8606724739)"
"(5448.92, 7091.06)","(48.028778076, 7.8607301712)"
"(5459.85, 7113.12)","(48.02897644, 7.860877037000001)"
"(5464.44, 7111.42)","(48.028961181999996, 7.860938549)"
"(5490.53, 7168.26)","(48.029472351, 7.8612890244)"
"(5494.94, 7166.14)","(48.029453278000005, 7.861348152200001)"
"(5503.72, 2638.25)","(47.988731384, 7.861407756799999)"
"(5507.64, 7195.4)","(48.029716492, 7.8615188599)"
"(5526.86, 7218.31)","(48.029922485, 7.8617768288)"
"(5539.29, 7240.36)","(48.03012085, 7.8619437217999995)"
"(5539.88, 7248.0)","(48.03018951399999, 7.861951828)"
"(5553.13, 7268.36)","(48.03037262, 7.8621296883000005)"
"(5556.55, 7266.24)","(48.030353546, 7.8621754646)"
"(5585.19, 7319.68)","(48.030834198, 7.8625602722000005)"
"(5588.89, 7317.14)","(48.03081131, 7.8626098633)"
"(5595.0, 2614.5)","(47.988517761000004, 7.8626303673)"
"(5595.51, 7537.28)","(48.032791138, 7.862701416)"
"(5596.16, 7346.83)","(48.031078339, 7.8627076149)"
"(5598.32, 7501.22)","(48.032466888, 7.862738609299999)"
"(5599.88, 7536.0)","(48.032779694, 7.862760067000001)"
"(5600.4, 7588.6)","(48.03325271600001, 7.8627676964)"
"(5600.55, 7366.34)","(48.031253815, 7.8627667427)"
"(5600.64, 7343.43)","(48.031047821, 7.8627676964)"
"(5601.5, 7560.18)","(48.032997131, 7.862782001499999)"
"(5602.36, 7403.24)","(48.031585693000004, 7.862791538200001)"
"(5602.76, 7427.42)","(48.031803131000004, 7.8627972603)"
"(5604.42, 7587.33)","(48.033241272, 7.862821578999999)"
"(5604.68, 7796.86)","(48.035125732, 7.8628277779)"
"(5605.56, 7365.49)","(48.031246185, 7.862833976699999)"
"(5607.32, 7426.57)","(48.031795502, 7.8628582954)"
"(5607.52, 7401.54)","(48.031570435, 7.862860679600001)"
"(5607.58, 7415.12)","(48.031692505, 7.8628616333000005)"
"(5612.14, 7658.16)","(48.03387832600001, 7.8629260063)"
"(5615.68, 2608.56)","(47.988464355, 7.8629074097)"
"(5616.41, 7655.62)","(48.033855438, 7.862983226799999)"
"(5617.56, 7678.52)","(48.034061432, 7.8629989624)"
"(5622.06, 7765.47)","(48.034843445, 7.863060474400001)"
"(5628.99, 7701.43)","(48.03426742600001, 7.863152503999999)"
"(5630.72, 7745.11)","(48.034660339, 7.8631763458)"
"(5632.39, 7711.61)","(48.034358978, 7.8631982803)"
"(5632.8, 7732.81)","(48.034549713000004, 7.8632040024)"
"(5633.77, 7722.63)","(48.03445816, 7.863216877)"
"(5640.64, 7751.05)","(48.034713745, 7.863309383400001)"
"(5642.78, 2598.38)","(47.988372803000004, 7.863270282699999)"
"(5658.91, 2592.86)","(47.988323212, 7.86348629)"
"(5672.93, 2589.89)","(47.988296508999994, 7.8636741638)"
"(5689.02, 2588.62)","(47.988285065, 7.863889694199999)"
"(5716.1, 2590.32)","(47.988300323000004, 7.8642525673)"
"(5756.92, 2599.65)","(47.988384247, 7.8647994995)"
"(5776.46, 2604.32)","(47.988426208, 7.865061283099999)"
"(5795.71, 2608.98)","(47.98846817, 7.865319252000001)"
"(5811.65, 2611.1)","(47.988487244, 7.8655328750999995)"
"(5907.45, 2618.74)","(47.988555908, 7.8668165207000005)"
"(5978.21, 2623.83)","(47.988601685, 7.867764472999999)"
"(6006.47, 2624.68)","(47.988609313999994, 7.8681430816999995)"
"(6031.99, 2623.83)","(47.988601685, 7.8684849739)"
"(6050.99, 2621.71)","(47.988582611000005, 7.8687396049)"
"(6107.17, 2613.22)","(47.988506316999995, 7.869492054)"
"(6136.39, 2608.56)","(47.988464355, 7.8698835373)"
"(6144.76, 2606.01)","(47.988441467, 7.869995594)"
"(6255.33, 2583.11)","(47.988235474, 7.8714766502)"
"(6308.95, 2570.38)","(47.988121033, 7.872194767000001)"
"(6355.59, 2558.51)","(47.98801422100001, 7.8728194237)"
"(6389.66, 2552.14)","(47.987957001000005, 7.873275756799999)"
"(6411.2, 2547.9)","(47.98791885399999, 7.873564243300001)"
"(6423.19, 2546.21)","(47.987903595, 7.8737249374000005)"
"(6450.35, 2542.39)","(47.987869263, 7.8740887642)"
"(6462.71, 2541.12)","(47.987857819, 7.8742542267)"
"(6476.13, 2540.27)","(47.987850189, 7.8744339942999995)"
"(6497.45, 2539.42)","(47.98784256, 7.8747196198000005)"
"(6503.46, 2538.57)","(47.98783493, 7.8748002052)"
"(6506.35, 2536.88)","(47.987819672, 7.874838829)"
"(6514.36, 2530.94)","(47.987766266, 7.8749461174)"
"(6534.78, 2511.85)","(47.987594603999995, 7.8752193451)"
"(6554.55, 2497.0)","(47.98746109, 7.8754839897)"
"(6570.33, 2487.67)","(47.987377167, 7.8756952286)"
"(6594.37, 2475.8)","(47.987270355, 7.8760170937)"
"(6621.07, 2465.62)","(47.987178801999995, 7.8763747214999995)"
"(6654.33, 2455.44)","(47.98708725, 7.8768200874000005)"
"(6689.5, 2447.38)","(47.987014771000005, 7.8772912025)"
"(6710.33, 2446.53)","(47.98700714100001, 7.877570152300001)"
"(6730.97, 2447.38)","(47.987014771000005, 7.8778467178)"
"(6751.04, 2449.07)","(47.987030028999996, 7.878115654)"
"(6806.74, 2453.32)","(47.987068176, 7.8788619041)"
"(6835.93, 2453.74)","(47.987071991, 7.879252910599999)"
"(6859.88, 2452.89)","(47.987064362, 7.879573822)"
"(6897.58, 2450.77)","(47.987045288000004, 7.8800787926)"
"(6943.5, 2447.38)","(47.987014771000005, 7.8806939125)"
"(7026.23, 2436.35)","(47.986915588, 7.8818020821)"
"(7106.32, 2426.59)","(47.98682785, 7.8828749657)"
"(7200.16, 2413.02)","(47.98670578, 7.8841319084000006)"
"(7237.87, 2406.66)","(47.98664856, 7.884636878999999)"
"(7413.63, 2377.39)","(47.986385345, 7.886991023999999)"
"(7451.58, 2370.18)","(47.986320496000005, 7.8874993324)"
"(7538.78, 2348.97)","(47.986129761, 7.8886671066)"
"(7561.71, 2343.04)","(47.986076355, 7.8889741898)"
"(7597.85, 2333.28)","(47.985988617, 7.8894581795)"
"(7605.97, 2331.16)","(47.985969543, 7.8895668983)"
"(7621.13, 2326.07)","(47.985923766999996, 7.889770031)"
"(7641.9, 2316.74)","(47.985839844, 7.890048027000001)"
"(7672.03, 2302.74)","(47.985713958999995, 7.8904514313)"
"(7714.73, 2286.62)","(47.985569, 7.8910231589999995)"
"(7787.56, 2256.93)","(47.985301971000005, 7.891998291)"
"(7831.08, 2237.42)","(47.985126495, 7.8925809860000005)"
"(7887.95, 2216.21)","(47.98493576, 7.893342495)"
"(7912.55, 2165.74)","(47.984481812, 7.893671035800001)"
"(7912.92, 2153.44)","(47.984371185, 7.8936758041)"
"(7913.07, 2176.77)","(47.984580994, 7.8936781883)"
"(7913.99, 2205.18)","(47.984836578, 7.8936910628999994)"
"(7914.5, 2146.23)","(47.984306335, 7.893696785)"
"(7918.53, 2138.59)","(47.984237671, 7.8937506676)"
"(7923.49, 2132.23)","(47.98418045, 7.8938169478999995)"
"(7927.24, 2200.09)","(47.984790802, 7.8938684464)"
"(7929.26, 2127.99)","(47.984142303, 7.8938941956)"
"(7933.43, 2125.87)","(47.98412323, 7.8939499855)"
"(7938.98, 2123.32)","(47.984100342, 7.8940243721000005)"
"(7948.74, 2122.05)","(47.984088898, 7.8941550255)"
"(7953.06, 2189.49)","(47.984695435, 7.8942141533)"
"(7953.61, 2122.47)","(47.984092712, 7.8942203522000005)"
"(7960.61, 2185.67)","(47.984661102, 7.894315242799999)"
"(7962.04, 2126.29)","(47.984127045, 7.8943333626)"
"(7965.39, 2128.84)","(47.984149933000005, 7.8943781853)"
"(7965.99, 2181.43)","(47.984622955, 7.8943872452)"
"(7968.8, 2133.5)","(47.984191895, 7.894423961599999)"
"(7969.52, 2176.77)","(47.984580994, 7.8944344521000005)"
"(7970.32, 2136.9)","(47.984222412, 7.8944444655999995)"
"(7972.8, 2169.56)","(47.984516144, 7.8944783211)"
"(7974.29, 2153.01)","(47.984367371000005, 7.8944978714)"
"(7974.78, 2158.53)","(47.984416962, 7.8945045471)"
